Gomdras;Augcating;gomdras_augcating@trithaling.com
Analus;Pelthaus;analus_pelthaus@trithalil.com
Alduris;Nardring;alduris_nardring@glamdursil.com
Androl;Gomalsil;androl_gomalsil@pelduril.com
Pelatus;Peldursil;pelatus_peldursil@trithaling.com
Naraithis;Aigdril;naraithis_aigdril@aigthalos.com
Ancatil;Aigdris;ancatil_aigdris@dulduris.com
Ancatsil;Alcatis;ancatsil_alcatis@trithduras.com
Augthaing;Gomdras;augthaing_gomdras@glamcatlos.com
Nardurus;Narthaus;nardurus_narthaus@naraithing.com
Glamaithol;Peldrus;glamaithol_peldrus@gomatsol.com
Peldrlos;Pelalas;peldrlos_pelalas@althaol.com
Augdurlos;Glamdris;augdurlos_glamdris@aigdrsil.com
Anatsil;Augaithus;anatsil_augaithus@gomdurlos.com
Pelatus;Anatas;pelatus_anatas@alaithsil.com
Alaithsil;Augaithas;alaithsil_augaithas@augthasol.com
Peldursol;Glamdurus;peldursol_glamdurus@ancatsil.com
Dulthasil;Gomthalos;dulthasil_gomthalos@peldurus.com
Alaling;Aigalsol;alaling_aigalsol@augthasol.com
Glamcating;Duldring;glamcating_duldring@narthaus.com
Dulthaus;Nardras;dulthaus_nardras@naralus.com
Gomcatsol;Trithdris;gomcatsol_trithdris@glamcatsol.com
Trithatas;Ancatsol;trithatas_ancatsol@narthaus.com
Narcatus;Ancatas;narcatus_ancatas@aigdursol.com
Gomallos;Glamaithus;gomallos_glamaithus@anthalos.com
Peldrus;Augatil;peldrus_augatil@ancatol.com
Trithdris;Augatsol;trithdris_augatsol@augduris.com
Aigallos;Trithdris;aigallos_trithdris@dulaithas.com
Gomduring;Glamduring;gomduring_glamduring@gomduril.com
Andursol;Alatsol;andursol_alatsol@trithaling.com
Duldurlos;Dulaithing;duldurlos_dulaithing@naralol.com
Narthaas;Naratis;narthaas_naratis@glamalil.com
Dulatus;Naralus;dulatus_naralus@anaithing.com
Narduris;Pelcatlos;narduris_pelcatlos@dulalas.com
Alating;Naraithus;alating_naraithus@dulalol.com
Narcatsil;Nardrsol;narcatsil_nardrsol@alatsil.com
Andurus;Gomduris;andurus_gomduris@trithdrlos.com
Gomaithus;Anaithil;gomaithus_anaithil@nardris.com
Aigalus;Trithcatil;aigalus_trithcatil@gomatlos.com
Alaithsol;Augdras;alaithsol_augdras@trithdurus.com
Andurus;Aigdras;andurus_aigdras@gomdurus.com
Ancatus;Aldrsil;ancatus_aldrsil@trithduril.com
Anallos;Aldrlos;anallos_aldrlos@duldrsol.com
Aldril;Dulatol;aldril_dulatol@peldring.com
Peldras;Ancatus;peldras_ancatus@andris.com
Duldring;Naraithis;duldring_naraithis@narthaus.com
Alatil;Andrus;alatil_andrus@duldril.com
Gomthalos;Alalil;gomthalos_alalil@glamduring.com
Alcatas;Dulthais;alcatas_dulthais@dulatsil.com
Aldursil;Gomatsil;aldursil_gomatsil@trithatol.com
Dulcatsil;Aigcatus;dulcatsil_aigcatus@glamaithol.com
Dulatol;Naralsil;dulatol_naralsil@gomcatsol.com
Gomatil;Aigatas;gomatil_aigatas@glamatus.com
Trithalis;Aldrsil;trithalis_aldrsil@andrsil.com
Narcatus;Alaithas;narcatus_alaithas@augthais.com
Glamduras;Ancating;glamduras_ancating@narcatsol.com
Gomalis;Gomduril;gomalis_gomduril@gomdurlos.com
Duldursil;Dulcatus;duldursil_dulcatus@aigatsol.com
Dulaithlos;Glamatol;dulaithlos_glamatol@glamcatsil.com
Gomalsil;Glamcatas;gomalsil_glamcatas@trithdras.com
Augduring;Augdris;augduring_augdris@andrsol.com
Dulcatus;Triththasil;dulcatus_triththasil@aigcatus.com
Augaithing;Pelalas;augaithing_pelalas@augdrlos.com
Narcatsol;Gomatus;narcatsol_gomatus@alcating.com
Glamdursol;Narduring;glamdursol_narduring@duldrsil.com
Alaithis;Triththaing;alaithis_triththaing@alalil.com
Nardursil;Pelcatlos;nardursil_pelcatlos@augcatus.com
Andurlos;Dulaithil;andurlos_dulaithil@narcatsil.com
Pelaithus;Andursol;pelaithus_andursol@trithdrsol.com
Gomatol;Ancatus;gomatol_ancatus@glamatas.com
Pelcatas;Aigcatlos;pelcatas_aigcatlos@glamallos.com
Narcatas;Gomalsol;narcatas_gomalsol@anduris.com
Augcatlos;Augaithus;augcatlos_augaithus@augalsol.com
Dulcatus;Narthais;dulcatus_narthais@glamthasol.com
Aigatsil;Trithaithlos;aigatsil_trithaithlos@andurol.com
Trithduris;Aigdras;trithduris_aigdras@aigcatil.com
Anduring;Alaithol;anduring_alaithol@naratol.com
Peldrus;Aigalas;peldrus_aigalas@glamcating.com
Gomdrsil;Glamdring;gomdrsil_glamdring@augdurus.com
Naratas;Aldrlos;naratas_aldrlos@augatil.com
Glamdris;Gomdring;glamdris_gomdring@glamalsol.com
Naralis;Aldursol;naralis_aldursol@glamthais.com
Trithdras;Trithalas;trithdras_trithalas@pelatis.com
Aigalil;Alaithol;aigalil_alaithol@aigaithsil.com
Naraithlos;Nardrus;naraithlos_nardrus@gomdrsil.com
Peldris;Andrus;peldris_andrus@augthaol.com
Aigalis;Trithdurol;aigalis_trithdurol@naralis.com
Peldurlos;Analsol;peldurlos_analsol@pelcating.com
Triththaus;Naraithol;triththaus_naraithol@anthaas.com
Gomcating;Althasil;gomcating_althasil@augatus.com
Glamatsil;Andrlos;glamatsil_andrlos@anaithsol.com
Augdursil;Trithatlos;augdursil_trithatlos@gomallos.com
Gomcatlos;Dulthasol;gomcatlos_dulthasol@anthaing.com
Pelatsil;Anaithas;pelatsil_anaithas@peldurus.com
Augdursol;Aigthasol;augdursol_aigthasol@gomdrlos.com
Dulalol;Augduring;dulalol_augduring@narating.com
Gomatil;Aigcatis;gomatil_aigcatis@anthasol.com
Aldrol;Aigatlos;aldrol_aigatlos@pelaithis.com
Naratus;Dulalsil;naratus_dulalsil@pelalsil.com
Pelalsol;Dulatil;pelalsol_dulatil@aigcatil.com
Anatus;Augcatis;anatus_augcatis@alalol.com
Aldrol;Gomalis;aldrol_gomalis@aigdrsol.com
Aigatol;Narthaing;aigatol_narthaing@gomalol.com
Alaithol;Narcatis;alaithol_narcatis@aigdril.com
Trithdurol;Gomthalos;trithdurol_gomthalos@trithduring.com
Aigatsol;Althaol;aigatsol_althaol@pelcatus.com
Naratus;Glamdras;naratus_glamdras@pelcatus.com
Naratsol;Gomdrsol;naratsol_gomdrsol@augatil.com
Nardrus;Glamalil;nardrus_glamalil@duldursil.com
Augdrlos;Augdris;augdrlos_augdris@aigthasil.com
Glamatol;Andursil;glamatol_andursil@anthasol.com
Gomcatsol;Nardrsol;gomcatsol_nardrsol@aigalus.com
Aigatas;Alaling;aigatas_alaling@trithduris.com
Augatlos;Duldurol;augatlos_duldurol@glamdrsil.com
Ancatil;Dulthasil;ancatil_dulthasil@aldrsil.com
Aigthasol;Peldrol;aigthasol_peldrol@althaol.com
Gomthalos;Ancatil;gomthalos_ancatil@trithdrsil.com
Pelatas;Augdurol;pelatas_augdurol@pelaithsil.com
Dulatsol;Aigthasil;dulatsol_aigthasil@dulduris.com
Glamaithsol;Narcatis;glamaithsol_narcatis@gomcatus.com
Glamatis;Dulcatus;glamatis_dulcatus@gomdurol.com
Alduril;Dulthaol;alduril_dulthaol@trithcatlos.com
Trithcatus;Glamduras;trithcatus_glamduras@glamthaas.com
Gomdris;Glamaithis;gomdris_glamaithis@augdrsol.com
Aldurol;Augthaas;aldurol_augthaas@augaling.com
Ancatas;Duldril;ancatas_duldril@trithdril.com
Alalsil;Narcatlos;alalsil_narcatlos@glamatas.com
Pelalsol;Alalsol;pelalsol_alalsol@dulaithsil.com
Glamaling;Peldursol;glamaling_peldursol@pelallos.com
Pelatsil;Gomalis;pelatsil_gomalis@gomallos.com
Alaithus;Naratlos;alaithus_naratlos@pelatas.com
Narthasol;Gomaithol;narthasol_gomaithol@aigaithas.com
Dulaithus;Gomcating;dulaithus_gomcating@dulthaol.com
Trithatis;Gomcatis;trithatis_gomcatis@anatis.com
Glamatlos;Anaithus;glamatlos_anaithus@dulatas.com
Duldrol;Nardrol;duldrol_nardrol@naralol.com
Trithcatus;Dulatus;trithcatus_dulatus@augaithil.com
Glamdurlos;Triththail;glamdurlos_triththail@augcatol.com
Alduring;Pelatsol;alduring_pelatsol@trithalis.com
Nardurus;Pelaling;nardurus_pelaling@augcatsol.com
Gomdris;Augcatil;gomdris_augcatil@aigalsol.com
Narduris;Analis;narduris_analis@naratsil.com
